{
    "loss": 73.97416687011719,
    "accuracy": 0.8425449728965759
}