{
    "loss": 72.86592864990234,
    "accuracy": 0.8412596583366394
}