{
    "loss": 1.3027483224868774,
    "accuracy": 0.877892017364502
}